secondPagePath,channelGrouping,uniquePageviews
www.mysite.com/build-yours/index.html,Organic Search,751962
www.mysite.com/build-yours/index.html,Paid Search,558721
www.mysite.com/build-yours/index.html,Direct,362104
www.mysite.com/mysite-range/f-product/index.html,Paid Search,166816
www.mysite.com/mysite-range/f-product/index.html,Organic Search,165048
www.mysite.com/mysite-range/f-prod/index.html,Organic Search,146276
www.mysite.com/mysite-rangetwindex.html,Organic Search,145738
www.mysite.com/mysite-range/e-product/index.html,Organic Search,142956
www.mysite.com/mysite-rangetwindex.html,Paid Search,134404
www.mysite.com/mysite-rangetwindex.html,Organic Search,129713
www.mysite.com/offers-and-widget/index.html,Organic Search,128647
www.mysite.com/mysite-range/e-product/index.html,Paid Search,128190
www.mysite.com/mysite-rangetwindex.html,Paid Search,122654
www.mysite.com/mysite-range/f-prod/index.html,Paid Search,120333
www.mysite.com/offers-and-widget/index.html,Paid Search,117483
rules.config.mysite.comtwconfigure/model,Organic Search,102231
rules.config.mysite.com/f-product/configure/model,Organic Search,94148
rules.config.mysite.comtwconfigure/model,Paid Search,85350
rules.config.mysite.com/f-prod/configure/model,Organic Search,77299
rules.config.mysite.com/f-product/configure/model,Paid Search,76636
www.mysite.com/mysite-rangetwindex.html,Organic Search,69264
www.mysite.com/mysite-range/e-product/index.html,Direct,63354
www.mysite.com/mysite-range/f-product/index.html,Direct,61275
www.mysite.com/offers-and-widget/index.html,Direct,57424
www.mysite.com/mysite-rangetwindex.html,Direct,55774
www.mysite.com/mysite-rangetwbuild-yours.html,Organic Search,54468
rules.config.mysite.com/f-prod/configure/model,Paid Search,53215
www.mysite.com/mysite-rangetwindex.html,Paid Search,53215
www.mysite.com/mysite-rangetwindex.html,Direct,51587
www.mysite.com/mysite-range/f-prod/index.html,Direct,48537
www.mysite.com/mysite-range/i-product-concept-car/index.html,Organic Search,46622
www.mysite.com/about-mysite/secret_service/project-8.html,Organic Search,42902
www.mysite.com/mysite-rangetwbuild-yours.html,Paid Search,42896
www.mysite.com/mysite-range/i-product-concept-car/index.html,Paid Search,41870
rules.config.mysite.comtwconfigure/model,Direct,41299
rules.config.mysite.com/f-product/configure/model,Direct,41150
www.mysite.com/dealer-locator.html,Paid Search,37196
www.mysite.com/owners/index.html,Organic Search,36762
rules.config.mysite.comtwconfigure/model,Organic Search,33993
www.mysite.com/dealer-locator.html,Organic Search,29401
rules.config.mysite.com/f-prod/configure/model,Direct,29117
www.mysite.com/about-mysite/secret_service/project-8.html,Paid Search,28808
rules.config.mysite.comtwconfigure/model,Organic Search,27703
www.mysite.com/mysite-range/mysite-e-product/index.html,Organic Search,27551
www.mysite.com/build-yours/index.html,Referral,25796
www.mysite.com/mysite-rangetwbuild-yours.html,Direct,25066
buildyour.mysite.com/product_x/configure/model,Organic Search,23681
www.mysite.com/owners/index.html,Paid Search,22201
www.mysite.com/mysite-rangetwindex.html,Direct,21263
rules.config.mysite.comtwconfigure/model,Paid Search,20663
rules.config.mysite.comtwconfigure/model,Paid Search,20060
www.mysite.com/mysite-range/i-product-concept-car/index.html,Direct,20043
www.mysite.com/owners/index.html,Direct,18549
www.mysite.com/mysite-range/mysite-e-product/index.html,Paid Search,18221
www.mysite.com/about-mysite/secret_service/project-8.html,Direct,17957
www.mysite.com/about-mysite/secret_service/index.html,Organic Search,17459
www.mysite.com/mysite-rangetwsportbrake/index.html,Organic Search,16972
buildyour.mysite.com/product_x/configure/model,Paid Search,16404
www.mysite.com/mysite-rangetwsportbrake/index.html,Paid Search,15811
www.mysite.com/request-a-brochure/index.html,Organic Search,15580
www.mysite.com/search.html,Paid Search,14880
www.mysite.com/mysite-range/mysite-e-product/index.html,Direct,14288
widgetcalculator.mysite.com/bag/en/gb/models,Paid Search,13702
www.mysite.com/dealer-locator.html,Direct,13168
www.mysite.com/request-a-brochure/index.html,Paid Search,13160
www.mysite.com/search.html,Organic Search,13012
rules.config.mysite.comtwconfigure/model,Direct,12159
www.mysite.com/about-mysite/secret_service/index.html,Paid Search,11757
www.mysite.com/about-mysite/index.html,Organic Search,11516
www.mysite.com/august-sales-event/index.html,Organic Search,11470
rules.config.mysite.comtwconfigure/model,Direct,11352
www.mysite.com/retailer-locator/index.html,Paid Search,11142
widgetcalculator.mysite.com/bag/en/gb/models,Organic Search,11028
buildyour.mysite.com/product_x/configure/model,Direct,11023
www.mysite.com/mysite-range/index.html,Organic Search,10727
www.mysite.com/august-sales-event/index.html,Paid Search,10365
www.mysite.com/daphalltheway/index.html,Organic Search,10191
www.mysite.com/offers-and-widget/mysite-privilege.html,Paid Search,9831
www.mysite.com/mysite-rangetwsportbrake/index.html,Direct,9181
www.mysite.com/build-yours/index.html,Display,9063
www.mysite.com/daphalltheway/index.html,Paid Search,8695
www.mysite.com/request-a-brochure/index.html,Direct,8664
www.mysite.com/fleet-and-business/index.html,Organic Search,8497
www.mysite.com/comparison-tool/index.html,Paid Search,8429
www.mysite.com/retailer-locator/index.html,Organic Search,8303
www.mysite.com/about-mysite/secret_service.html,Organic Search,7922
www.mysite.com/mysite-range/index.html,Paid Search,7824
www.mysite.com/offers-and-widget/mysite-privilege.html,Organic Search,7288
www.mysite.com/about-mysite/index.html,Paid Search,7187
www.mysite.com/fleet-and-business/index.html,Paid Search,6766
www.mysite.com/mysite-rangetwindex.html,Referral,6580
www.mysite.com/comparison-tool/index.html,Organic Search,6297
www.mysite.com/search.html,Direct,6265
www.mysite.com/build-yours/index.html,Social,6204
www.mysite.com/mysite-range/f-product/index.html,Referral,6194
www.mysite.com/mysite-rangetwindex.html,Referral,6143
www.mysite.com/daphalltheway/i-product-etrophy.html,Paid Search,6107
www.mysite.com/about-mysite/secret_service/index.html,Direct,5949
www.mysite.com/about-mysite/secret_service.html,Paid Search,5833
www.mysite.com/offers-and-widget/all-offers/mysite-privilege.html,Paid Search,5814
widgetcalculator.mysite.com/bag/en/gb/models,Direct,5805
www.mysite.com/august-sales-event/index.html,Direct,5700
www.mysite.com/mysite-range/e-product/index.html,Referral,5696
www.mysite.com/daphalltheway/i-product-etrophy.html,Organic Search,5618
www.mysite.com/daphalltheway/index.html,Direct,5462
www.mysite.com/mysite-range-new/index.html,Organic Search,4918
www.mysite.com/experience-mysite/index.html,Organic Search,4898
www.mysite.com/careers.html,Organic Search,4391
www.mysite.com/offers-and-widget/all-offers/mysite-privilege.html,Organic Search,4243
rules.config.mysite.comtwconfigure/model,Referral,4171
www.mysite.com/about-mysite/index.html,Direct,4050
www.mysite.com/offers-and-widget/index.html,Referral,4043
www.mysite.com/mysite-range/f-prod/index.html,Referral,3907
www.mysite.com/contact-us/index.html,Organic Search,3830
www.mysite.com/retailer-locator/index.html,Direct,3786
rules.config.mysite.com/f-product/configure/model,Referral,3705
rules.config.mysite.comtwconfigure/model,Display,3647
www.mysite.com/careers.html,Paid Search,3523
www.mysite.com/market-selector.html,Organic Search,3223
www.mysite.com/experience-mysite/index.html,Paid Search,3150
www.mysite.com/about-mysite/secret_service.html,Direct,3104
www.mysite.com/build-yours/index.html,(Other),3050
www.mysite.com/mysite-range-new/index.html,Paid Search,2983
www.mysite.com/daphalltheway/i-product-etrophy.html,Direct,2934
www.mysite.com/mysite-rangetwbuild-yours.html,Referral,2904
www.mysite.com/fleet-and-business/index.html,Direct,2834
comparison.mysite.com/home,Organic Search,2796
www.mysite.com/comparison-tool/index.html,Direct,2764
www.mysite.com/offers-and-widget/mysite-privilege.html,Direct,2740
www.mysite.com/offers-and-widget/index.html,Display,2737
rules.config.mysite.com/f-product/configure/model,Display,2700
www.mysite.com/contact-us/index.html,Paid Search,2499
comparison.mysite.com/home,Paid Search,2406
www.mysite.com/mysite-range/f-prod/index.html,Display,2384
www.mysite.com/mysite-rangetwindex.html,Referral,2333
www.mysite.com/mysite-rangetwindex.html,Display,2307
jdxforms.mysite.com/mysite-gb-en/servlet/SmartForm.html,Organic Search,2296
www.mysite.com/mysite-rangetwindex.html,Display,2290
www.mysite.com/offers-and-widget/all-offers/index.html,Organic Search,2197
www.mysite.com/mysite-range/index.html,Direct,2182
www.mysite.com/experience-mysite/index.html,Direct,2139
widgetcalculator.mysite.com/bag/en/gb/models,Paid Search,2133
www.mysite.com/mysite-racing/get-involved/index.html,Organic Search,2117
jdxforms.mysite.com/mysite-gb-en/servlet/SmartForm.html,Paid Search,2113
rules.config.mysite.com/f-prod/configure/model,Display,2110
www.mysite.com/mysite-range/e-product/index.html,Display,2092
www.mysite.com/mysite-range/f-product/index.html,Display,2073
www.mysite.com/owners/index.html,Referral,2062
www.mysite.com/mysite-range/mysite-e-product/index.html,Referral,2059
www.mysite.com/offers-and-widget/all-offers/index.html,Paid Search,2042
rules.config.mysite.com/f-prod/configure/model,Referral,2027
www.mysite.com/owners/servicing-maintenance/book-service-online.html,Paid Search,2020
www.mysite.com/mysite-range-new/index.html,Direct,1941
www.mysite.com/mysite-range/i-product-concept-car/index.html,Referral,1912
www.mysite.com/owners/servicing-maintenance/book-service-online.html,Organic Search,1894
companymeringuecalculator.mysite.com/select/single,Paid Search,1888
www.mysite.com/offers-and-widget/value-your-car/index.html,Paid Search,1776
www.mysite.com/about-mysite/secret_service/project-8.html,Referral,1730
www.mysite.com/market-selector.html,Direct,1686
www.mysite.com/reviews/index.html,Organic Search,1637
www.mysite.com/offers-and-widget/all-offers/mysite-privilege.html,Direct,1609
widgetcalculator.mysite.com/bag/en/gb/models,Organic Search,1579
rules.config.mysite.comtwconfigure/model,Display,1573
www.mysite.com/mysite-range/e-product/index.html,Social,1551
companymeringuecalculator.mysite.com/select/single,Organic Search,1535
buildyour.mysite.com/product_x/configure/model,Referral,1531
www.mysite.com/request-a-brochure/index.html,Referral,1522
www.mysite.com/offers-and-widget/value-your-car/index.html,Organic Search,1476
www.mysite.com/dealer-locator.html,Referral,1465
comparison.mysite.com/home,Direct,1412
www.mysite.com/mysite-racing/get-involved/index.html,Paid Search,1402
www.mysite.com/outforlunch/connectivity/outforlunch-apps.html,Organic Search,1294
rules.config.mysite.comtwconfigure/model,Referral,1227
www.mysite.com/cookie-and-privacy-policy.html,Paid Search,1217
www.mysite.com/news/mysite-electrifies-with-i-product-concept-car.html,Paid Search,1201
rules.config.mysite.comtwconfigure/model,Referral,1198
rules.config.mysite.comtwconfigure/model,Social,1188
www.mysite.com/reviews/index.html,Paid Search,1184
www.mysite.com/mysite-rangetwbuild-yours.html,Display,1165
www.mysite.com/mysite-rangetwindex.html,(Other),1156
www.mysite.com/mysite-rangetwindex.html,Social,1149
www.mysite.com/market-selector.html,Paid Search,1139
www.mysite.com/mysite-racing/get-involved/index.html,Direct,1130
www.mysite.com/offers-and-widget/index.html,Social,1062
www.mysite.com/mysite-rangetwindex.html,Social,1056
jdxforms.mysite.com/mysite-gb-en/servlet/SmartForm.html,Direct,1031
www.mysite.com/news/mysite-electrifies-with-i-product-concept-car.html,Organic Search,966
www.mysite.com/contact-us/index.html,Direct,957
rules.config.mysite.comtwconfigure/model,Display,946
www.mysite.com/outforlunch/connectivity/outforlunch-apps.html,Paid Search,930
www.mysite.com/news/index.html,Organic Search,927
www.mysite.com/search.html,Referral,921
www.mysite.com/mysite-rangetwindex.html,Display,892
www.mysite.com/owners/servicing-maintenance/book-service-online.html,Direct,892
www.mysite.com/cookie-and-privacy-policy.html,Organic Search,888
jdxforms.mysite.com/mysite-gb-en/servlet/SmartForm.html,Organic Search,859
www.mysite.com/careers.html,Direct,847
www.mysite.com/mysite-range/f-product/index.html,Social,847
www.mysite.com/mysite-range/f-prod/index.html,Social,846
www.mysite.com/mysite-range/i-product-concept-car/index.html,Display,833
www.mysite.com/offers-and-widget/index.html,(Other),817
jdxforms.mysite.com/mysite-gb-en/servlet/SmartForm.html,Paid Search,815
www.mysite.com/daphalltheway/index.html,Referral,802
companymeringuecalculator.mysite.com/select/single,Direct,795
www.mysite.com/news/f-product-wins-car-of-the-year.html,Paid Search,788
widgetcalculator.mysite.com/bag/en/gb/models,Direct,764
www.mysite.com/about-mysite/secret_service/index.html,Referral,757
gear.mysite.com/gb/en/,Organic Search,740
www.mysite.com/experience-mysite/factory-tours/index.html,Organic Search,735
www.mysite.com/about-mysite/secret_service/project-8.html,Display,719
www.mysite.com/about-mysite/index.html,Referral,716
www.mysite.com/market-selector.html,Organic Search,711
rules.config.mysite.com/f-prod/configure/model,Social,708
www.mysite.com/owners/accessories/index.html,Organic Search,702
www.mysite.com/offers-and-widget/value-your-car/index.html,Direct,686
www.mysite.com/owners/index.html,Social,660
jdxforms.mysite.com/mysite-gb-en/servlet/SmartForm.html,Organic Search,654
rules.config.mysite.com/f-product/configure/model,Social,642
www.mysite.com/mysite-range/mysite-e-product/index.html,Display,632
www.mysite.com/mysite-rangetwsportbrake/index.html,Referral,632
www.mysite.comtwindex.html,Organic Search,629
www.mysite.com/mysite-range/f-product/index.html,(Other),621
www.mysite.com/mysite-rangetwbuild-yours.html,Social,616
www.mysite.com/outforlunch/connectivity/outforlunch-apps.html,Direct,615
www.mysite.com/news/mysite-electrifies-with-i-product-concept-car.html,Direct,615
www.mysite.com/reviews/index.html,Direct,600
buildyour.mysite.com/product_x/configure/model,Display,597
jdxforms.mysite.com/mysite-gb-en/servlet/SmartForm.html,Paid Search,595
www.mysite.com/about-mysite/secret_service/project-8.html,Social,593
www.mysite.com/offers-and-widget/all-offers/mysite-business-contract-hire.html,Paid Search,584
buildyour.mysite.com/product_x/configure/engine,Organic Search,580
www.mysite.com/fleet-and-business/index.html,Referral,580
www.mysite.com/offers-and-widget/mysite-business-contract-hire.html,Paid Search,571
www.mysite.com/mysite-range/i-product-concept-car/index.html,Social,568
www.mysite.com/owners/index.html,Display,557
gear.mysite.com/gb/en/,Paid Search,547
jdxforms.mysite.com/mysite-gb-en/servlet/SmartForm.html,Direct,541
www.mysite.com/offers-and-widget/all-offers/index.html,Direct,537
www.mysite.com/mysite-rangetwindex.html,Social,510
rules.config.mysite.com/f-product/configure/model,(Other),506
www.mysite.com/cookie-and-privacy-policy.html,Direct,502
www.mysite.com/mysite-rangetwindex.html,(Other),500
www.mysite.com/news/f-product-wins-car-of-the-year.html,Organic Search,486
www.mysite.com/offers-and-widget/widget-products/mysite-privilege.html,Organic Search,486
www.mysite.com/about-mysite/concept-cars/index.html,Organic Search,481
www.mysite.com/offers-and-widget/mysite-business-contract-hire.html,Organic Search,471
www.mysite.com/outforlunch/spotify.html,Organic Search,455
www.mysite.com/experience-mysite/factory-tours/index.html,Paid Search,451
www.mysite.com/owners/def-adblue.html,Organic Search,451
www.mysite.com/mysite-range/index.html,Referral,445
rules.config.mysite.comtwconfigure/model,(Other),441
www.mysite.com/mysite-range/f-product/f-product-models/index.html,Organic Search,433
www.mysite.com/offers-and-widget/widget-products/mysite-privilege.html,Paid Search,426
www.mysite.com/owners/def-adblue.html,Paid Search,423
www.mysite.com/mysite-range/mysite-e-product/index.html,Social,422
www.mysite.com/dealer-locator.html,Display,412
widgetcalculator.mysite.com/bag/en/gb/fleet,Organic Search,410
gear.mysite.com/gb/en/,Direct,404
buildyour.mysite.com/product_x/configure/engine,Paid Search,399
www.mysite.com/august-sales-event/index.html,Referral,399
www.mysite.com/sitemap.html,Paid Search,396
www.mysite.com/offers-and-widget/widget-products/index.html,Organic Search,394
www.mysite.com/market-selector.html,Direct,393
rules.config.mysite.comtwconfigure/model,Social,383
www.mysite.com/offers-and-widget/widget-products/index.html,Paid Search,381
buildyour.mysite.com/product_x/configure/model,Social,378
www.mysite.com/mysite-range/f-prod/models/index.html,Organic Search,378
www.mysite.com/about-mysite/concept-cars/index.html,Paid Search,371
www.mysite.com/mysite-range/f-product/f-product-pricing-specifications/index.html,Organic Search,367
buildyour.mysite.com/product_x/configure/engine,Direct,362
www.mysite.com/about-mysite/secret_service/index.html,Display,357
www.mysite.com/experience-mysite/factory-tours/index.html,Direct,354
www.mysite.com/sitemap.html,Organic Search,354
www.mysite.com/outforlunch/spotify.html,Paid Search,351
www.mysite.com/owners/def-adblue.html,Direct,348
www.mysite.com/daphalltheway/i-product-etrophy.html,Referral,346
rules.config.mysite.com/xfsb/configure/model,Paid Search,333
www.mysite.com/experience-mysite/local-events/index.html,Organic Search,330
jdxforms.mysite.com/mysite-gb-en/servlet/SmartForm.html,Direct,328
www.mysite.com/news/goodwood-festival-of-speed.html,Organic Search,328
www.mysite.com/offers-and-widget/widget-products/personal-contract-hire.html,Organic Search,322
www.mysite.com/about-mysite/concept-cars/index.html,Direct,313
www.mysite.com/owners/index.html,(Other),312
widgetcalculator.mysite.com/bag/en/gb/fleet,Paid Search,310
www.mysite.com/market-selector.html,Referral,310
www.mysite.com/retailer-locator/index.html,Referral,307
www.mysite.com/mysite-range/f-product/f-product-models/index.html,Paid Search,303
www.mysite.com/request-a-brochure/index.html,Display,300
www.mysite.com/offers-and-widget/all-offers/mysite-business-contract-hire.html,Organic Search,298
rules.config.mysite.com/f-product/configure/jdxpayoff,Organic Search,296
www.mysite.com/experience-mysite/index.html,Referral,293
www.mysite.com/mysite-rangetwaccessories/index.html,Organic Search,291
www.mysite.comtwindex.html,Paid Search,288
www.mysite.com/news/index.html,Paid Search,284
rules.config.mysite.comtwconfigure/model,(Other),283
www.mysite.com/experience-mysite/r-performance-centres.html,Organic Search,281
www.mysite.com/news/goodwood-festival-of-speed.html,Paid Search,280
www.mysite.com/outforlunch/index.html,Organic Search,278
www.mysite.com/about-mysite/secret_service.html,Referral,274
www.mysite.com/market-selector.html,Paid Search,268
www.mysite.com/mysite-range/f-prod/index.html,(Other),264
www.mysite.com/newstwautoexpress-award.html,Paid Search,262
www.mysite.com/mysite-range/i-product-concept-car/index.html,(Other),249
www.mysite.com/build-yours/index.html,Email,248
www.mysite.com/daphalltheway/index.html,Display,248
www.mysite.com/news/tech-fest.html,Organic Search,246
www.mysite.com/august-sales-event/index.html,Social,243
www.mysite.com/news/index.html,Direct,242
rules.config.mysite.comtwconfigure/model,Social,240
www.mysite.com/mysite-range/index.html,Display,240
www.mysite.com/comparison-tool/index.html,Referral,238
rules.config.mysite.comtwconfigure/model,(Other),233
widgetcalculator.mysite.com/bag/en/gb/models,Referral,232
www.mysite.com/news/mysite-xf-wins-golden-steering.html,Organic Search,232
www.mysite.com/mysite-range/f-product/experience-f-product/index.html,Organic Search,230
rules.config.mysite.com/f-prod/configure/model,(Other),227
www.mysite.com/outforlunch/spotify.html,Direct,224
www.mysite.com/mysite-range/f-prod/coupe-models/index.html,Organic Search,220
www.mysite.com/mysite-racing/index.html,Organic Search,217
www.mysite.com/news/f-product-wins-car-of-the-year.html,Direct,217
www.mysite.com/careers.html,Referral,216
www.mysite.com/contact-us/index.html,Referral,214
www.mysite.com/news/mysite-xf-wins-golden-steering.html,Direct,214
www.mysite.com/mysite-rangetwsportbrake/index.html,Display,213
www.mysite.com/newstwbest-executive-award.html,Paid Search,210
www.mysite.com/dealer-locator.html,(Other),208
www.mysite.com/about-mysite/secret_service/index.html,Social,204
www.mysite.com/experience-mysite/index.html,Social,197
www.mysite.com/outforlunch/index.html,Paid Search,197
www.mysite.com/daphalltheway/i-product-etrophy.html,Display,195
www.mysite.com/owners/servicing-maintenance/service-plans.html,Organic Search,193
www.mysite.com/daphalltheway/index.html,Social,191
www.mysite.com/about-mysite/index.html,Social,190
www.mysite.com/news/mysite-xf-wins-golden-steering.html,Paid Search,190
www.mysite.com/sitemap.html,Direct,188
www.mysite.com/owners/servicing-maintenance/index.html,Organic Search,185
jdxforms.mysite.com/mysite-gb-en/servlet/SmartForm.html,Referral,182
www.mysite.com/experience-mysite/r-performance-centres.html,Paid Search,182
rules.config.mysite.com/f-product/configure/exterior,Organic Search,181
www.mysite.com/mysite-rangetwindex.html,(Other),181
www.mysite.com/mysite-rangetwmodels/index.html,Organic Search,181
www.mysite.com/newstwautoexpress-award.html,Direct,181
www.mysite.com/offers-and-widget/value-your-car/index.html,Referral,179
www.mysite.com/news/tech-fest.html,Direct,177
www.mysite.com/mysite-rangetwxe-models/index.html,Paid Search,175
comparison.mysite.com/home,(Other),174
www.mysite.com/about-mysite/mysite-classic/index.html,Organic Search,174
rules.config.mysite.com/xfsb/configure/model,Organic Search,171
www.mysite.com/mysite-rangetwsportbrake/index.html,Social,171
www.mysite.com/news/goodwood-festival-of-speed.html,Direct,171
www.mysite.com/newstwautoexpress-award.html,Organic Search,169
www.mysite.com/outforlunch-global/outforlunch/index.html,Organic Search,169
www.mysite.com/about-mysite/mysite-storiestwversus-xf.html,Organic Search,168
www.mysite.com/experience-mysite/local-events/index.html,Paid Search,166
www.mysite.com/terms-conditions.html,Organic Search,166
www.mysite.com/market-selector.html,Referral,165
widgetcalculator.mysite.com/bag/en/gb/fleet,Direct,164
www.mysite.com/offers-and-widget/widget-products/mysite-privilege.html,Direct,164
www.mysite.com/dealer-locator.html,Social,162
www.mysite.com/mysite-racing/index.html,Paid Search,162
www.mysite.com/news/tech-fest.html,Paid Search,162
www.mysite.com/owners/servicing-maintenance/book-service-online.html,Referral,162
www.mysite.com/mysite-range/f-product/f-product-accessories/index.html,Organic Search,161
www.mysite.com/mysite-rangetwxe-models/index.html,Organic Search,161
www.mysite.com/mysite-rangetwmodels/index.html,Organic Search,161
rules.config.mysite.com/xfsb/configure/model,Direct,159
www.mysite.com/august-sales-event/index.html,Display,156
www.mysite.com/fleet-and-business/company-car/widget-and-benefit.html,Organic Search,156
www.mysite.com/fleet-and-business/company-car/index.html,Paid Search,155
www.mysite.com/mysite-range/e-product/index.html,(Other),155
www.mysite.com/mysite-range/f-product/f-product-models/r-sport.html,Organic Search,155
rules.config.mysite.com/f-product/configure/jdxpayoff,Paid Search,153
www.mysite.com/mysite-rangetwsportbrake/index.html,(Other),150
rules.config.mysite.com/f-product/configure/exterior,Paid Search,149
www.mysite.com/about-mysite/secret_service.html,Display,149
www.mysite.com/owners/handbooks-guides/index.html,Organic Search,149
www.mysite.comtwindex.html,Direct,149
www.mysite.com/owners/servicing-maintenance/fixed-price-servicing.html,Organic Search,148
www.mysite.com/retailer-locator/index.html,Display,148
www.mysite.com/,Direct,146
www.mysite.com/mysite-range/f-prod/models/index.html,Paid Search,145
rules.config.mysite.com/f-product/configure/interior,Organic Search,142
www.mysite.com/mysite-racing/the-car/index.html,Paid Search,142
www.mysite.com/mysite-range/f-product/offers/index.html,Organic Search,142
www.mysite.com/mysite-rangetwfleet-and-business/index.html,Paid Search,142
www.mysite.com/about-mysite/index.html,Display,140
www.mysite.com/fleet-and-business/company-car/index.html,Organic Search,140
www.mysite.com/reviews/index.html,Referral,140
www.mysite.com/mysite-racing/get-involved/index.html,Referral,139
www.mysite.com/mysite-range/f-prod/f-prod-offers/f-prod-widget-offer.html,Organic Search,139
www.mysite.com/about-mysite/concept-cars/cx75.html,Organic Search,137
www.mysite.com/mysite-range/f-prod/coupe-models/index.html,Paid Search,136
www.mysite.com/outforlunch/index.html,Direct,133
www.mysite.com/offers-and-widget/widget-products/hire-purchase.html,Paid Search,133
www.mysite.com/offers-and-widget/widget-products/personal-contract-hire.html,Paid Search,127
www.mysite.com/mysite-rangetwmodelstwr-sport.html,Organic Search,126
rules.config.mysite.comtwconfigure/jdxpayoff,Direct,124
buildyour.mysite.com/product_x/configure/jdxpayoff,Paid Search,123
www.mysite.com/experience-mysite/local-events/index.html,Direct,123
www.mysite.com/mysite-rangetwxe-modelstwr-sport.html,Organic Search,123
www.mysite.com/newstwbest-executive-award.html,Organic Search,123
www.mysite.com/owners/servicing-maintenance/online-servicing-history.html,Organic Search,121
www.mysite.com/mysite-racing/the-car/index.html,Organic Search,120
www.mysite.com/offers-and-widget/existing-customers/index.html,Paid Search,120
www.mysite.com/experience-mysite/index.html,Display,119
www.mysite.com/mysite-rangetwpricing-specs/index.html,Organic Search,119
www.mysite.com/search.html,Display,117
rules.config.mysite.com/f-product/configure/exterior,Direct,116
www.mysite.com/offers-and-widget/mysite-business-contract-hire.html,Direct,116
buildyour.mysite.com/product_x/configure/jdxpayoff,Organic Search,114
www.mysite.com/mysite-rangetwpricing-specs/index.html,Organic Search,114
www.mysite.com/owners/servicing-maintenance/service-plans.html,Paid Search,113
www.mysite.com/request-a-brochure/index.html,Social,113
www.mysite.com/search.html,Social,113
www.mysite.com/experience-mysite/r-performance-centres.html,Direct,111
www.mysite.com/mysite-range-new/index.html,Referral,110
www.mysite.com/terms-conditions.html,Paid Search,110
gear.mysite.com/gb/en/,Referral,108
www.mysite.com/experience-mysite/in-the-driving-seat/index.html,Organic Search,107
www.mysite.com/fleet-and-business/small-businesses/index.html,Paid Search,107
www.mysite.com/experience-mysite/factory-tours/castle-bromwich.html,Organic Search,105
www.mysite.com/mysite-range/f-product/f-product-pricing-specifications/index.html,Paid Search,105
www.mysite.com/mysite-range/f-prod/pricing-specifications/index.html,Organic Search,105
www.mysite.com/offers-and-widget/existing-customers/index.html,Organic Search,105
www.mysite.com/mysite-rangetwmodels/index.html,Paid Search,104
widgetcalculator.mysite.com/bag/en/gb/models,(Other),103
www.mysite.com/mysite-range/f-product/f-product-models/prestige.html,Organic Search,101
www.mysite.com/mysite-rangetwaccessories/index.html,Organic Search,101
www.mysite.com/mysite-rangetwmodels/index.html,Paid Search,100
www.mysite.com/mysite-rangetwoffers/index.html,Organic Search,98
www.mysite.com/newstwbest-executive-award.html,Direct,98
www.mysite.com/owners/warranties-roadside-assistance/standard-extended-warranty.html,Organic Search,98
rules.config.mysite.com/f-product/configure/interior,Paid Search,97
www.mysite.com/cookie-and-privacy-policy.html,Display,97
www.mysite.com/experience-mysite/motor-shows/index.html,Organic Search,97
rules.config.mysite.comtwconfigure/exterior,Paid Search,95
www.mysite.com/mysite-range/f-prod/convertible-models/index.html,Organic Search,95
www.mysite.com/offers-and-widget/widget-products/advanced-payment-plan.html,Paid Search,95
widgetcalculator.mysite.com/bag/en/gb/models,Display,94
jdxforms.mysite.com/mysite-gb-en/servlet/SmartForm.html,Display,94
www.mysite.com/outforlunch/connectivity/outforlunch-apps.html,Referral,94
www.mysite.com/mysite-range/f-product/f-product-models/index.html,Direct,92
www.mysite.com/outforlunch/spotify.html,Referral,91
www.mysite.com/offers-and-widget/index.html,Email,89
rules.config.mysite.comtwconfigure/interior,Paid Search,88
www.mysite.com/about-mysite/concept-cars/index.html,Referral,88
www.mysite.com/,Organic Search,87
www.mysite.com/fleet-and-business/index.html,Display,87
www.mysite.com/mysite-range/f-prod/coupe-models/f-prod-svr.html,Organic Search,87
www.mysite.com/mysite-rangetwxe-models/index.html,Direct,87
www.mysite.com/offers-and-widget/widget-products/hire-purchase.html,Organic Search,87
www.mysite.com/daphalltheway/i-product-etrophy.html,Social,85
www.mysite.com/mysite-range/f-prod/models/index.html,Direct,85
www.mysite.com/reviews/f-product-reviews.html,Paid Search,85
www.mysite.com/owners/servicing-maintenance/genuine-parts.html,Organic Search,84
www.mysite.com/request-a-brochure/index.html,(Other),84
rules.config.mysite.comtwconfigure/exterior,Organic Search,82
rules.config.mysite.comtwconfigure/jdxpayoff,Organic Search,81
rules.config.mysite.comtwconfigure/jdxpayoff,Organic Search,81
www.mysite.com/experience-mysite/motor-shows/index.html,Paid Search,81
rules.config.mysite.com/f-product/configure/jdxpayoff,Direct,79
rules.config.mysite.comtwconfigure/exterior,Direct,79
www.mysite.com/offers-and-widget/widget-products/index.html,Direct,79
www.mysite.com/search.html,(Other),79
www.mysite.com/about-mysite/secret_service.html,(Other),78
www.mysite.com/mysite-rangetwxe-modelstwprestige.html,Organic Search,78
www.mysite.com/mysite-range/f-product/f-product-models/portfolio.html,Organic Search,76
www.mysite.com/mysite-range/f-product/f-product-models/portfolio.html,Paid Search,76
rules.config.mysite.com/f-product/configure/other,Paid Search,75
www.mysite.com/mysite-rangetwbuild-yours.html,(Other),75
www.mysite.com/about-mysite/ingenium-engine.html,Organic Search,74
www.mysite.com/experience-mysite/in-the-driving-seat/index.html,Paid Search,74
www.mysite.com/mysite-range/mysite-e-product/index.html,(Other),74
www.mysite.com/mysite-rangetwfeatures/interior.html,(Other),74
www.mysite.com/owners/handbooks-guides/index.html,Paid Search,74
rules.config.mysite.com/f-product/configure/other,Direct,72
www.mysite.com/fleet-and-business/company-car/f-prod.html,Paid Search,72
www.mysite.com/fleet-and-business/index.html,(Other),72
www.mysite.com/mysite-range/f-product/f-product-pricing-specifications/index.html,Direct,72
www.mysite.com/mysite-range/f-product/offers/index.html,Paid Search,72
www.mysite.com/offers-and-widget/all-offers/mysite-privilege.html,Social,72
www.mysite.com/reviews/index.html,Display,72
www.mysite.com/comparison-tool/index.html,Social,71
www.mysite.com/fleet-and-business/small-businesses/index.html,Organic Search,71
www.mysite.com/offers-and-widget/all-offers/mysite-business-contract-hire.html,Direct,71
jdxforms.mysite.com/mysite-gb-en/servlet/SmartForm.html,Referral,69
www.mysite.com/mysite-range/f-prod/coupe-models/index.html,Direct,69
www.mysite.com/offers-and-widget/mysite-privilege.html,Referral,69
www.mysite.com/terms-conditions.html,Direct,69
widgetcalculator.mysite.com/bag/en/gb/models,Social,68
www.mysite.com/about-mysite/secret_service/project-8.html,(Other),68
www.mysite.com/mysite-rangetwfeatures/in-car-technology.html,Paid Search,68
www.mysite.com/mysite-rangetwpricing-specs/index.html,Paid Search,68
www.mysite.com/offers-and-widget/widget-products/advanced-payment-plan.html,Organic Search,68
rules.config.mysite.com/f-prod/configure/exterior,Paid Search,66
www.mysite.com/mysite-rangetwspecifications/index.html,Paid Search,66
www.mysite.com/mysite-racing/index.html,Direct,65
www.mysite.com/mysite-rangetwfeatures/in-car-technology.html,Organic Search,65
www.mysite.com/mysite-rangetwfleet-and-business/index.html,Organic Search,65
www.mysite.com/mysite-rangetwfeatures/interior.html,Paid Search,65
www.mysite.com/owners/index.html,Email,65
companymeringuecalculator.mysite.com/select/single,Display,63
rules.config.mysite.com/f-product/configure/model,Email,63
rules.config.mysite.comtwconfigure/jdxpayoff,Paid Search,63
www.mysite.com/offers-and-widget/mysite-privilege.html,Social,63
www.mysite.de/index.html,Organic Search,63
www.mysite.com/emissions-lookup/index.html,Direct,62
www.mysite.com/experience-mysite/motor-shows/index.html,Direct,62
www.mysite.com/fleet-and-business/company-car/widget-and-benefit.html,Paid Search,62
www.mysite.com/mysite-range/f-product/fleet-and-business/index.html,Organic Search,62
www.mysite.com/owners/accessories/index.html,Paid Search,62
www.mysite.com/reviews/f-prod-reviews.html,Paid Search,62
www.mysite.com/mysite-rangetwaccessories/index.html,Paid Search,60
rules.config.mysite.com/f-prod/configure/jdxpayoff,Direct,59
www.mysite.com/fleet-and-business/company-car/f-prod.html,Organic Search,59
www.mysite.com/fleet-and-business/company-car/index.html,Direct,59
www.mysite.com/fleet-and-business/index.html,Social,59
www.mysite.com/mysite-range/f-product/fleet-and-business/index.html,Paid Search,59
companymeringuecalculator.mysite.com/select/single,Referral,58
rules.config.mysite.comtwconfigure/other,Paid Search,58
www.mysite.com/mysite-rangetwindex.html,Email,58
www.mysite.com/mysite-rangetwxe-modelstwportfolio.html,Paid Search,58
www.mysite.com/owners/servicing-maintenance/service-plans.html,Direct,58
www.mysite.com/about-mysite/reliability/index.html,Paid Search,56
www.mysite.com/mysite-range/f-product/f-product-models/prestige.html,Paid Search,56
www.mysite.com/market-selector.html,Display,56
www.mysite.com/reviews/f-prod-reviews.html,Organic Search,56
comparison.mysite.com/home,Referral,55
rules.config.mysite.comtwconfigure/other,Organic Search,55
www.mysite.com/cookie-and-privacy-policy.html,Referral,55
www.mysite.com/fleet-and-business/company-car/choosing-a-mysite.html,Paid Search,55
www.mysite.com/mysite-rangetwoffers/mysite-privilege-pcp.html,Organic Search,55
www.mysite.com/news/index.html,Referral,53
www.mysite.com/owners/handbooks-guides/how-to-guides.html,Organic Search,53
www.mysite.com/owners/handbooks-guides/index.html,Direct,53
widgetcalculator.mysite.com/bag/en/gb/fleet,Paid Search,52
www.mysite.com/about-mysite/secret_service.html,Social,52
www.mysite.com/mysite-range-new/index.html,Display,52
www.mysite.com/mysite-range/f-product/index.html,Email,52
www.mysite.com/mysite-rangetwxe-modelstwprestige.html,Direct,52
www.mysite.com/mysite-rangetwspecifications/index.html,Organic Search,52
www.mysite.com/reviewstwreviews.html,Paid Search,52
www.mysite.de/index.html,Referral,52
www.mysite.com/daphalltheway/index.html,(Other),50
www.mysite.com/experience-mysite/in-the-driving-seat/index.html,Direct,50
www.mysite.com/mysite-range/index.html,Social,50
www.mysite.com/mysite-rangetwfeatures/index.html,Organic Search,50
www.mysite.com/market-selector.html,(Other),50
rules.config.mysite.com/f-prod/configure/exterior,Organic Search,49
www.mysite.com/about-mysite/index.html,(Other),49
www.mysite.com/mysite-rangetwmodels/index.html,Direct,49
www.mysite.com/news/mysite-xf-wins-golden-steering.html,Referral,49
www.mysite.com/reviewstwreviews.html,Organic Search,49
jdxforms.mysite.com/mysite-gb-en/servlet/SmartForm.html,Organic Search,47
rules.config.mysite.com/f-prod/configure/jdxpayoff,Paid Search,47
rules.config.mysite.comtwconfigure/interior,Organic Search,47
www.mysite.com/mysite-rangetwgallery.html,Organic Search,47
www.mysite.com/mysite-rangetwmodels/index.html,Direct,47
www.mysite.com/retailer-locator/index.html,Social,47
rules.config.mysite.comtwconfigure/jdxpayoff,Paid Search,46
www.mysite.com/mysite-range/index.html,(Other),46
www.mysite.com/mysite-rangetwoffers/index.html,Paid Search,46
www.mysite.com/mysite-rangetwoffers/mysite-privilege-pcp.html,Direct,46
www.mysite.com/mysite-rangetwoffers/mysite-privilege-pcp.html,Paid Search,46
www.mysite.com/offers-and-widget/widget-products/personal-contract-hire.html,Direct,46
www.mysite.com/owners/servicing-maintenance/fixed-price-servicing.html,Paid Search,46
jdxforms.mysite.com/mysite-gb-en/servlet/SmartForm.html,Social,44
rules.config.mysite.comtwconfigure/jdxpayoff,Paid Search,44
www.mysite.com/offers-and-widget/existing-customers/index.html,Direct,44
www.mysite.com/offers-and-widget/mysite-privilege.html,Display,44
rules.config.mysite.com/f-product/configure/other,Organic Search,43
www.mysite.com/emissions-lookup/index.html,Paid Search,43
www.mysite.com/experience-mysite/factory-tours/index.html,Referral,43
www.mysite.com/mysite-rangetwfeatures/index.html,Organic Search,43
www.mysite.com/mysite-rangetwaccessories/index.html,Organic Search,43
www.mysite.com/news/mysite-electrifies-with-i-product-concept-car.html,Referral,43
www.mysite.com/fleet-and-business/company-car/choosing-a-mysite.html,Organic Search,42
www.mysite.com/mysite-racing/get-involved/index.html,Social,42
www.mysite.com/mysite-range/f-product/f-product-accessories/index.html,Paid Search,42
www.mysite.com/mysite-range/f-product/f-product-models/r-sport.html,Paid Search,42
buildyour.mysite.com/product_x/configure/engine,Display,40
jdxforms.mysite.com/mysite-gb-en/servlet/SmartForm.html,Organic Search,40
jdxforms.mysite.com/mysite-gb-en/servlet/SmartForm.html,Display,40
jdxforms.mysite.com/mysite-gb-en/servlet/SmartForm.html,Display,40
jdxforms.mysite.com/mysite-gb-en/servlet/SmartForm.html,Referral,40
widgetcalculator.mysite.com/bag/en/gb/models,Referral,39
rules.config.mysite.comtwconfigure/jdxpayoff,Referral,39
rules.config.mysite.comtwconfigure/exterior,Organic Search,39
www.mysite.com/comparison-tool/index.html,Display,39
www.mysite.com/mysite-range/f-prod/index.html,Email,39
www.mysite.com/owners/servicing-maintenance/fixed-price-servicing.html,Direct,39
www.mysite.com/owners/servicing-maintenance/index.html,Paid Search,39
comparison.mysite.com/home,Display,37
www.mysite.com/about-mysite/ingenium-engine.html,Direct,37
www.mysite.com/mysite-racing/the-car/index.html,Direct,37
www.mysite.com/news/index.html,(Other),37
www.mysite.com/reviews/f-product-reviews.html,Organic Search,37
www.mysite.com/experience-mysite/factory-tours/castle-bromwich.html,Direct,36
www.mysite.com/fleet-and-business/small-businesses/index.html,Direct,36
www.mysite.com/mysite-rangetwxe-modelstwr-sport.html,Paid Search,36
buildyour.mysite.com/product_x/configure/engine,Referral,34
www.mysite.com/about-mysite/reliability/index.html,Organic Search,34
www.mysite.com/experience-mysite/factory-tours/castle-bromwich.html,Paid Search,34
www.mysite.com/mysite-rangetwoffers/index.html,Direct,34
www.mysite.com/mysite-rangetwpricing-specs/index.html,Direct,34
www.mysite.com/newstwautoexpress-award.html,Referral,34
www.mysite.com/reviews/index.html,Social,34
www.mysite.de/index.html,Direct,34
comparison.mysite.com/home,Social,33
www.mysite.com/experience-mysite/motor-shows/index.html,Referral,33
www.mysite.com/mysite-range/f-product/f-product-accessories/index.html,Direct,33
www.mysite.com/mysite-range/f-prod/convertible-models/index.html,Paid Search,33
www.mysite.com/mysite-rangetwxe-modelstwportfolio.html,Organic Search,33
www.mysite.com/mysite-rangetwgallery.html,Paid Search,33
www.mysite.com/mysite-rangetwoffers/index.html,Organic Search,33
www.mysite.com/mysite-rangetwpricing-specs/index.html,Paid Search,33
www.mysite.com/mysite-rangetwfeatures/interior.html,Direct,33
buildyour.mysite.com/product_x/configure/model,(Other),31
www.mysite.com/mysite-racing/get-involved/index.html,Display,31
www.mysite.com/mysite-range-new/index.html,Social,31
www.mysite.com/owners/def-adblue.html,Social,31
www.mysite.com/mysite-rangetwfeatures/in-car-technology.html,Referral,31
companymeringuecalculator.mysite.com/select/single,Social,30
www.mysite.com/dealer-locator.html,Email,30
www.mysite.com/owners/warranties-roadside-assistance/standard-extended-warranty.html,Direct,30
www.mysite.com/about-mysite/reliability/index.html,Direct,29
www.mysite.com/mysite-rangetwaccessories/index.html,Direct,29
www.mysite.com/mysite-rangetwspecifications/index.html,Direct,29
www.mysite.com/news/mysite-electrifies-with-i-product-concept-car.html,Display,29
www.mysite.com/reviews/index.html,(Other),29
www.mysite.comtwindex.html,Referral,29
www.mysite.com/mysite-rangetwxe-modelstwprestige.html,Paid Search,27
www.mysite.com/offers-and-widget/widget-products/hire-purchase.html,Direct,27
www.mysite.com/owners/servicing-maintenance/genuine-parts.html,Paid Search,27
www.mysite.com/owners/servicing-maintenance/online-servicing-history.html,Direct,27
www.mysite.com/build-yours/index.html,Organic Search,27
buildyour.mysite.com/product_x/configure/jdxpayoff,Direct,26
widgetcalculator.mysite.com/bag/en/gb/fleet,Referral,26
jdxforms.mysite.com/mysite-gb-en/servlet/SmartForm.html,Paid Search,26
rules.config.mysite.comtwconfigure/exterior,Direct,26
www.mysite.com/mysite-range/f-product/fleet-and-business/index.html,Direct,26
www.mysite.com/mysite-rangetwfeatures/index.html,Paid Search,26
www.mysite.com/owners/def-adblue.html,(Other),26
www.mysite.com/owners/handbooks-guides/how-to-guides.html,Direct,26
www.mysite.com/owners/handbooks-guides/how-to-guides.html,Paid Search,26
www.mysite.com/owners/servicing-maintenance/book-service-online.html,Social,26
www.mysite.com/owners/servicing-maintenance/index.html,Direct,26
www.mysite.com/owners/warranties-roadside-assistance/standard-extended-warranty.html,Paid Search,26
www.mysite.com/reviewstwreviews.html,Direct,26
www.mysite.com/mysite-rangetwindex.html,Organic Search,26
www.mysite.com/fleet-and-business/company-car/choosing-a-mysite.html,Display,24
www.mysite.com/mysite-range/f-prod/convertible-models/index.html,Direct,24
www.mysite.com/mysite-range/f-prod/pricing-specifications/index.html,Direct,24
www.mysite.com/mysite-rangetwgallery.html,Organic Search,24
www.mysite.com/mysite-rangetwxe-modelstwportfolio.html,Display,24
www.mysite.com/mysite-rangetwindex.html,Email,24
www.mysite.com/news/f-product-wins-car-of-the-year.html,Referral,24
www.mysite.com/reviewstwreviews.html,Paid Search,24
jdxforms.mysite.com/mysite-gb-en/servlet/SmartForm.html,Direct,23
rules.config.mysite.comtwconfigure/exterior,Direct,23
www.mysite.com/emissions-lookup/index.html,Organic Search,23
www.mysite.com/fleet-and-business/company-car/f-prod.html,Direct,23
www.mysite.com/mysite-racing/index.html,Referral,23
www.mysite.com/mysite-rangetwfeatures/index.html,Direct,23
www.mysite.com/offers-and-widget/all-offers/index.html,Display,23
widgetcalculator.mysite.com/bag/en/gb/fleet,Organic Search,21
rules.config.mysite.com/f-prod/configure/exterior,Direct,21
rules.config.mysite.comtwconfigure/exterior,Paid Search,21
www.mysite.com/,Referral,21
www.mysite.com/careers.html,Social,21
www.mysite.com/outforlunch/connectivity/outforlunch-apps.html,Display,21
www.mysite.com/offers-and-widget/all-offers/mysite-privilege.html,Referral,21
www.mysite.com/mysite-rangetwpricing-specs/index.html,Organic Search,21
rules.config.mysite.com/f-prod/configure/jdxpayoff,Organic Search,20
www.mysite.com/comparison-tool/index.html,(Other),20
www.mysite.com/experience-mysite/index.html,(Other),20
www.mysite.com/experience-mysite/local-events/index.html,Referral,20
www.mysite.com/mysite-rangetwsportbrake/index.html,Email,20
www.mysite.com/mysite-rangetwfeatures/index.html,Direct,20
www.mysite.com/offers-and-widget/all-offers/index.html,Social,20
www.mysite.com/owners/handbooks-guides/index.html,Referral,20
www.mysite.com/mysite-range/f-product/index.html,Organic Search,20
jdxforms.mysite.com/mysite-gb-en/servlet/SmartForm.html,Direct,18
rules.config.mysite.com/f-product/configure/exterior,Referral,18
rules.config.mysite.com/f-product/configure/interior,Direct,18
www.mysite.com/,Paid Search,18
www.mysite.com/about-mysite/secret_service/index.html,Email,18
www.mysite.com/august-sales-event/index.html,(Other),18
www.mysite.com/mysite-range/f-product/offers/index.html,Direct,18
www.mysite.com/mysite-rangetwxe-modelstwr-sport.html,Direct,18
www.mysite.com/mysite-rangetwoffers/index.html,Paid Search,18
www.mysite.com/mysite-rangetwoffers/mysite-privilege-pcp.html,Direct,18
www.mysite.com/news/index.html,Social,18
www.mysite.com/news/tech-fest.html,Referral,18
www.mysite.com/owners/servicing-maintenance/online-servicing-history.html,Paid Search,18
www.mysite.com/reviewstwreviews.html,Organic Search,18
www.mysite.com/about-mysite/concept-cars/index.html,Organic Search,18
rules.config.mysite.comtwconfigure/other,Organic Search,17
www.mysite.com/contact-us/index.html,Social,17
www.mysite.com/mysite-range/f-prod/convertible-models/index.html,Referral,17
www.mysite.com/mysite-range/f-prod/coupe-models/f-prod-svr.html,Paid Search,17
www.mysite.com/news/f-product-wins-car-of-the-year.html,(Other),17
www.mysite.com/news/goodwood-festival-of-speed.html,Display,17
www.mysite.com/owners/accessories/index.html,Direct,17
www.mysite.com/about-mysite/secret_service/index.html,Organic Search,17
gear.mysite.com/gb/en/,Display,15
jdxforms.mysite.com/mysite-gb-en/servlet/SmartForm.html,Direct,15
jdxforms.mysite.com/mysite-gb-en/servlet/SmartForm.html,Organic Search,15
rules.config.mysite.comtwconfigure/model,Email,15
rules.config.mysite.comtwconfigure/other,Paid Search,15
www.mysite.com/mysite-range/f-prod/coupe-models/f-prod-svr.html,Display,15
www.mysite.com/mysite-rangetwxe-modelstwportfolio.html,Direct,15
www.mysite.com/mysite-rangetwfeatures/in-car-technology.html,Organic Search,15
www.mysite.com/mysite-rangetwmodelstwr-sport.html,Paid Search,15
www.mysite.com/mysite-rangetwaccessories/index.html,Paid Search,15
www.mysite.com/offers-and-widget/value-your-car/index.html,(Other),15
www.mysite.com/offers-and-widget/value-your-car/index.html,Display,15
www.mysite.com/owners/handbooks-guides/how-to-guides.html,Social,15
companymeringuecalculator.mysite.com/select/single,(Other),14
jdxforms.mysite.com/mysite-gb-en/servlet/SmartForm.html,(Other),14
jdxforms.mysite.com/mysite-gb-en/servlet/SmartForm.html,Organic Search,14
rules.config.mysite.comtwconfigure/jdxpayoff,Display,14
rules.config.mysite.comtwconfigure/exterior,Display,14
rules.config.mysite.comtwconfigure/exterior,Organic Search,14
rules.config.mysite.comtwconfigure/interior,Paid Search,14
www.mysite.com/about-mysite/ingenium-engine.html,Paid Search,14
www.mysite.com/about-mysite/mysite-classic/index.html,Direct,14
www.mysite.com/about-mysite/secret_service/index.html,(Other),14
www.mysite.com/experience-mysite/r-performance-centres.html,Referral,14
www.mysite.com/mysite-range/f-prod/models/index.html,Social,14
www.mysite.com/mysite-rangetwgallery.html,Direct,14
www.mysite.com/mysite-rangetwpricing-specs/index.html,Referral,14
www.mysite.com/mysite-rangetwfeatures/index.html,Direct,14
www.mysite.com/mysite-rangetwindex.html,Email,14
www.mysite.com/offers-and-widget/all-offers/index.html,(Other),14
www.mysite.com/reviews/f-product-reviews.html,Direct,14
www.mysite.com/about-mysite/mysite-classic/index.html,Organic Search,14
www.mysite.com/market-selector.html,Display,14
jdxforms.mysite.com/mysite-gb-en/servlet/SmartForm.html,Social,13
jdxforms.mysite.com/mysite-gb-en/servlet/SmartForm.html,(Other),13
rules.config.mysite.com/f-product/configure/jdxpayoff,Display,13
rules.config.mysite.com/f-prod/configure/model,Email,13
rules.config.mysite.comtwconfigure/exterior,Referral,13
rules.config.mysite.comtwconfigure/interior,Paid Search,13
rules.config.mysite.comtwconfigure/other,Paid Search,13
www.mysite.com/about-mysite/reliability/index.html,Display,13
www.mysite.com/fleet-and-business/company-car/widget-and-benefit.html,Direct,13
www.mysite.com/outforlunch/spotify.html,Display,13
www.mysite.com/mysite-range/e-product/index.html,Email,13
www.mysite.com/mysite-rangetwpricing-specs/index.html,Referral,13
www.mysite.com/offers-and-widget/widget-products/index.html,Referral,13
www.mysite.com/owners/servicing-maintenance/genuine-parts.html,Direct,13
www.mysite.com/reviewstwreviews.html,Direct,13
www.mysite.com/contact-us/index.html,Direct,13
www.mysite.com/mysite-range/f-prod/index.html,Direct,13
rules.config.mysite.com/f-product/configure/interior,Display,11
rules.config.mysite.com/f-prod/configure/jdxpayoff,Referral,11
rules.config.mysite.comtwconfigure/jdxpayoff,Direct,11
rules.config.mysite.comtwconfigure/other,Display,11
rules.config.mysite.comtwconfigure/jdxpayoff,Organic Search,11
www.mysite.com/about-mysite/mysite-classic/index.html,Paid Search,11
www.mysite.com/august-sales-event/index.html,Email,11
www.mysite.com/outforlunch/connectivity/outforlunch-apps.html,Social,11
www.mysite.com/outforlunch/index.html,Referral,11
www.mysite.com/mysite-rangetwfeatures/interior.html,Organic Search,11
www.mysite.com/mysite-rangetwfeatures/interior.html,Organic Search,11
www.mysite.com/offers-and-widget/widget-products/mysite-privilege.html,Social,11
www.mysite.com/owners/handbooks-guides/index.html,Social,11
www.mysite.com/terms-conditions.html,Referral,11
www.mysite.com/mysite-rangetwpricing-specs/index.html,Organic Search,11
rules.config.mysite.com/f-product/configure/exterior,Display,10
www.mysite.com/about-mysite/concept-cars/cx75.html,Direct,10
www.mysite.com/contact-us/index.html,Display,10
www.mysite.com/experience-mysite/factory-tours/index.html,Social,10
www.mysite.com/outforlunch/spotify.html,Social,10
www.mysite.com/mysite-range/f-product/f-product-models/index.html,Referral,10
www.mysite.com/mysite-range/f-product/f-product-models/portfolio.html,Display,10
www.mysite.com/mysite-range/f-product/f-product-models/prestige.html,Direct,10
www.mysite.com/mysite-range/f-prod/coupe-models/f-prod-svr.html,Direct,10
www.mysite.com/mysite-range/i-product-concept-car/index.html,Email,10
www.mysite.com/mysite-range/mysite-e-product/index.html,Email,10
www.mysite.com/mysite-rangetwfleet-and-business/index.html,Direct,10
www.mysite.com/mysite-rangetwmodelstwr-sport.html,Referral,10
www.mysite.com/mysite-rangetwfeatures/index.html,Organic Search,10
www.mysite.com/market-selector.html,Social,10
www.mysite.com/newstwautoexpress-award.html,Display,10
www.mysite.com/offers-and-widget/widget-products/advanced-payment-plan.html,Direct,10
www.mysite.com/owners/def-adblue.html,Display,10
www.mysite.com/reviews/f-prod-reviews.html,Direct,10
www.mysite.com/mysite-range/index.html,Organic Search,10
gear.mysite.com/gb/en/,Social,8
jdxforms.mysite.com/mysite-gb-en/servlet/SmartForm.html,Organic Search,8
rules.config.mysite.com/f-prod/configure/exterior,Display,8
rules.config.mysite.comtwconfigure/other,Direct,8
rules.config.mysite.com/xfsb/configure/model,Referral,8
rules.config.mysite.comtwconfigure/model,Email,8
www.mysite.com/cookie-and-privacy-policy.html,Social,8
www.mysite.com/emissions-lookup/index.html,Social,8
www.mysite.com/outforlunch/index.html,Social,8
www.mysite.com/mysite-range/f-product/f-product-models/index.html,Display,8
www.mysite.com/mysite-range/f-prod/models/index.html,Referral,8
www.mysite.com/mysite-range/f-prod/pricing-specifications/index.html,Paid Search,8
www.mysite.com/mysite-rangetwgallery.html,Direct,8
www.mysite.com/news/goodwood-festival-of-speed.html,Email,8
www.mysite.com/offers-and-widget/widget-products/personal-contract-hire.html,Referral,8
www.mysite.com/offers-and-widget/mysite-privilege.html,(Other),8
www.mysite.com/sitemap.html,Referral,8
www.mysite.com/mysite-range/i-product-concept-car/index.html,Organic Search,8
widgetcalculator.mysite.com/bag/en/gb/models,Display,7
jdxforms.mysite.com/mysite-gb-en/servlet/SmartForm.html,Referral,7
rules.config.mysite.comtwconfigure/model,Email,7
www.mysite.com/about-mysite/secret_service/project-8.html,Email,7
www.mysite.com/experience-mysite/local-events/index.html,Social,7
www.mysite.com/mysite-range/f-product/f-product-accessories/index.html,Referral,7
www.mysite.com/mysite-range/f-product/offers/index.html,Social,7
www.mysite.com/mysite-rangetwaccessories/index.html,Paid Search,7
www.mysite.com/mysite-rangetwgallery.html,Paid Search,7
www.mysite.com/mysite-rangetwoffers/index.html,Direct,7
www.mysite.com/mysite-rangetwpricing-specs/index.html,Direct,7
www.mysite.com/mysite-rangetwfleet-and-business/index.html,Paid Search,7
www.mysite.com/news/goodwood-festival-of-speed.html,Referral,7
www.mysite.com/news/index.html,Display,7
www.mysite.com/newstwbest-executive-award.html,Referral,7
www.mysite.com/owners/servicing-maintenance/book-service-online.html,Display,7
www.mysite.comtwindex.html,Organic Search,7
www.mysite.de/index.html,Paid Search,7
widgetcalculator.mysite.com/bag/en/gb/fleet,Display,5
jdxforms.mysite.com/mysite-gb-en/servlet/SmartForm.html,Direct,5
jdxforms.mysite.com/mysite-gb-en/servlet/SmartForm.html,Paid Search,5
jdxforms.mysite.com/mysite-gb-en/servlet/SmartForm.html,Referral,5
jdxforms.mysite.com/mysite-gb-en/servlet/SmartForm.html,Paid Search,5
rules.config.mysite.com/f-product/configure/jdxpayoff,Referral,5
rules.config.mysite.comtwconfigure/other,Referral,5
rules.config.mysite.comtwconfigure/jdxpayoff,Direct,5
www.mysite.com/about-mysite/concept-cars/cx75.html,Paid Search,5
www.mysite.com/about-mysite/concept-cars/index.html,Display,5
www.mysite.com/emissions-lookup/index.html,Referral,5
www.mysite.com/experience-mysite/factory-tours/index.html,Display,5
www.mysite.com/mysite-range/f-product/experience-f-product/index.html,Direct,5
www.mysite.com/mysite-range/f-product/offers/index.html,(Other),5
www.mysite.com/mysite-range/f-prod/f-prod-offers/f-prod-widget-offer.html,Paid Search,5
www.mysite.com/mysite-rangetwoffers/mysite-privilege-pcp.html,Social,5
www.mysite.com/mysite-rangetwxe-modelstwprestige.html,Display,5
www.mysite.com/mysite-rangetwmodels/index.html,Referral,5
www.mysite.com/mysite-rangetwmodelstwr-sport.html,Direct,5
www.mysite.com/mysite-rangetwoffers/mysite-privilege-pcp.html,Organic Search,5
www.mysite.com/mysite-rangetwfeatures/in-car-technology.html,Organic Search,5
www.mysite.com/owners/servicing-maintenance/index.html,Referral,5
jdxforms.mysite.com/mysite-gb-en/servlet/SmartForm.html,Organic Search,4
rules.config.mysite.comtwconfigure/other,Direct,4
rules.config.mysite.comtwconfigure/interior,Direct,4
rules.config.mysite.comtwconfigure/interior,Organic Search,4
www.mysite.com/about-mysite/mysite-classic/index.html,Display,4
www.mysite.com/about-mysite/secret_service.html,Email,4
www.mysite.com/experience-mysite/index.html,Email,4
www.mysite.com/fleet-and-business/company-car/choosing-a-mysite.html,Direct,4
www.mysite.com/mysite-rangetwfeatures/index.html,Paid Search,4
www.mysite.com/newstwbest-executive-award.html,Social,4
www.mysite.com/offers-and-widget/all-offers/mysite-business-contract-hire.html,Social,4
www.mysite.com/offers-and-widget/all-offers/mysite-privilege.html,(Other),4
www.mysite.com/offers-and-widget/widget-products/advanced-payment-plan.html,Referral,4
www.mysite.com/offers-and-widget/widget-products/mysite-privilege.html,Referral,4
www.mysite.com/offers-and-widget/mysite-business-contract-hire.html,Social,4
www.mysite.com/offers-and-widget/value-your-car/index.html,Social,4
www.mysite.com/owners/handbooks-guides/how-to-guides.html,Referral,4
www.mysite.com/owners/servicing-maintenance/fixed-price-servicing.html,Social,4
www.mysite.com/owners/servicing-maintenance/service-plans.html,Social,4
www.mysite.com/request-a-brochure/index.html,Email,4
www.mysite.com/search.html,Organic Search,4
www.mysite.com/search.html,Organic Search,4
www.mysite.com/sitemap.html,Social,4
www.mysite.com/dealer-locator.html,Paid Search,4
www.mysite.com/mysite-racing/the-car/index.html,Organic Search,4
jdxforms.mysite.com/mysite-gb-en/servlet/SmartForm.html,Display,2
jdxforms.mysite.com/mysite-gb-en/servlet/SmartForm.html,Referral,2
jdxforms.mysite.com/mysite-gb-en/servlet/SmartForm.html,Referral,2
jdxforms.mysite.com/mysite-gb-en/servlet/SmartForm.html,Paid Search,2
jdxforms.mysite.com/mysite-gb-en/servlet/SmartForm.html,(Other),2
jdxforms.mysite.com/mysite-gb-en/servlet/SmartForm.html,Social,2
jdxforms.mysite.com/mysite-gb-en/servlet/SmartForm.html,Direct,2
jdxforms.mysite.com/mysite-gb-en/servlet/SmartForm.html,Paid Search,2
jdxforms.mysite.com/mysite-gb-en/servlet/SmartForm.html,Referral,2
jdxforms.mysite.com/mysite-gb-en/servlet/SmartForm.html,Social,2
rules.config.mysite.com/f-prod/configure/exterior,Referral,2
rules.config.mysite.comtwconfigure/jdxpayoff,Referral,2
rules.config.mysite.com/xfsb/configure/model,Social,2
rules.config.mysite.comtwconfigure/exterior,Paid Search,2
rules.config.mysite.comtwconfigure/exterior,Referral,2
www.mysite.com/,Social,2
www.mysite.com/about-mysite/concept-cars/index.html,Social,2
www.mysite.com/contact-us/index.html,(Other),2
www.mysite.com/cookie-and-privacy-policy.html,(Other),2
www.mysite.com/daphalltheway/i-product-etrophy.html,(Other),2
www.mysite.com/experience-mysite/local-events/index.html,Display,2
www.mysite.com/experience-mysite/motor-shows/index.html,Social,2
www.mysite.com/experience-mysite/r-performance-centres.html,Display,2
www.mysite.com/fleet-and-business/company-car/index.html,Referral,2
www.mysite.com/mysite-racing/index.html,Social,2
www.mysite.com/mysite-range/f-product/experience-f-product/index.html,Paid Search,2
www.mysite.com/mysite-range/f-product/f-product-models/portfolio.html,Direct,2
www.mysite.com/mysite-range/f-product/f-product-models/r-sport.html,Display,2
www.mysite.com/mysite-range/f-prod/coupe-models/index.html,Display,2
www.mysite.com/mysite-rangetwaccessories/index.html,Direct,2
www.mysite.com/mysite-rangetwfeatures/in-car-technology.html,Direct,2
www.mysite.com/mysite-rangetwxe-models/index.html,Referral,2
www.mysite.com/mysite-rangetwaccessories/index.html,Referral,2
www.mysite.com/mysite-rangetwfeatures/interior.html,Organic Search,2
www.mysite.com/mysite-rangetwaccessories/index.html,Direct,2
www.mysite.com/mysite-rangetwfeatures/in-car-technology.html,Direct,2
www.mysite.com/newstwautoexpress-award.html,(Other),2
www.mysite.com/newstwautoexpress-award.html,Social,2
www.mysite.com/newstwbest-executive-award.html,Display,2
www.mysite.com/offers-and-widget/all-offers/index.html,Referral,2
www.mysite.com/offers-and-widget/widget-products/mysite-privilege.html,Display,2
www.mysite.com/owners/handbooks-guides/index.html,Display,2
www.mysite.com/owners/servicing-maintenance/book-service-online.html,(Other),2
www.mysite.com/reviewstwreviews.html,Social,2
www.mysite.com/reviewstwreviews.html,Referral,2
www.mysite.com/search.html,Email,2
www.mysite.com/search.html,Direct,2
www.mysite.com/search.html,Organic Search,2
www.mysite.com/search.html,Direct,2
www.mysite.com/sitemap.html,Display,2
www.mysite.comtwindex.html,Display,2
www.mysite.com/dealer-locator.html,Organic Search,2
www.mysite.com/mysite-range/f-product/index.html,Direct,2
www.mysite.com/mysite-range/mysite-e-product/index.html,Organic Search,2
www.mysite.com/mysite-rangetwindex.html,Organic Search,2
www.mysite.com/request-a-brochure/index.html,Organic Search,2
